{
  "images" : [
    {
      "idiom" : "iphone",
      "scale" : "1x"
    },
    {
      "idiom" : "iphone",
      "scale" : "2x",
      "filename" : "consent_02@2x.png"
    },
    {
      "idiom" : "iphone",
      "subtype" : "retina4",
      "scale" : "2x"
    },
    {
      "idiom" : "iphone",
      "scale" : "3x",
      "filename" : "consent_02@3x.png"
    },
    {
      "idiom" : "ipad",
      "scale" : "1x"
    },
    {
      "idiom" : "ipad",
      "scale" : "2x",
      "filename" : "consent_02@2x~ipad.png"
    }
  ],
  "info" : {
    "version" : 1,
    "author" : "xcode"
  }
}